{
  "project_info": {
    "project_number": "973623630863",
    "project_id": "loginui-f4c9b",
    "storage_bucket": "loginui-f4c9b.appspot.com"
  },
  "client": [
    {
      "client_info": {
        "mobilesdk_app_id": "1:973623630863:android:bace4645cae5353814977a",
        "android_client_info": {
          "package_name": "com.example.loginui"
        }
      },
      "oauth_client": [
        {
          "client_id": "973623630863-0uen0m6e1l44j4qhmvndp4q888nqp47n.apps.googleusercontent.com",
          "client_type": 3
        }
      ],
      "api_key": [
        {
          "current_key": "AIzaSyDw7wUi4fV3BCJUGm0FL82BSUTb52223Tg"
        }
      ],
      "services": {
        "appinvite_service": {
          "other_platform_oauth_client": [
            {
              "client_id": "973623630863-0uen0m6e1l44j4qhmvndp4q888nqp47n.apps.googleusercontent.com",
              "client_type": 3
            }
          ]
        }
      }
    }
  ],
  "configuration_version": "1"
}